id,name,model_id,group_id/id,operation,domain
access_glodo_instance_user,glodo.instance.user,glodo.instance,group_glodo_cloud_user,r,"[('active', '=', True)]"
access_glodo_instance_manager,glodo.instance.manager,glodo.instance,group_glodo_cloud_manager,ru,
access_glodo_instance_admin,glodo.instance.admin,glodo.instance,group_glodo_cloud_admin,crud,
access_glodo_instance_tag_user,glodo.instance.tag.user,glodo.instance.tag,group_glodo_cloud_user,r,
access_glodo_instance_tag_manager,glodo.instance.tag.manager,glodo.instance.tag,group_glodo_cloud_manager,crud,
access_glodo_instance_tag_admin,glodo.instance.tag.admin,glodo.instance.tag,group_glodo_cloud_admin,crud,
access_glodo_instance_host_user,glodo.instance.host.user,glodo.instance.host,group_glodo_cloud_user,r,
access_glodo_instance_host_manager,glodo.instance.host.manager,glodo.instance.host,group_glodo_cloud_manager,crud,
access_glodo_instance_host_admin,glodo.instance.host.admin,glodo.instance.host,group_glodo_cloud_admin,crud,
access_glodo_instance_database_user,glodo.instance.database.user,glodo.instance.database,group_glodo_cloud_user,r,
access_glodo_instance_database_manager,glodo.instance.database.manager,glodo.instance.database,group_glodo_cloud_manager,crud,
access_glodo_instance_database_admin,glodo.instance.database.admin,glodo.instance.database,group_glodo_cloud_admin,crud,
access_glodo_remote_user_user,glodo.remote.user.user,glodo.remote.user,group_glodo_cloud_user,r,
access_glodo_remote_user_manager,glodo.remote.user.manager,glodo.remote.user,group_glodo_cloud_manager,crud,
access_glodo_action_log_user,glodo.action.log.user,glodo.action.log,group_glodo_cloud_user,r,
access_glodo_action_log_manager,glodo.action.log.manager,glodo.action.log,group_glodo_cloud_manager,cr,
access_glodo_action_log_admin,glodo.action.log.admin,glodo.action.log,group_glodo_cloud_admin,crud,
access_glodo_remote_user_unarchive_wizard,glodo.remote.user.unarchive.wizard,glodo.remote.user.unarchive.wizard,group_glodo_cloud_manager,cru,
